year,region,oni_value,rainfall_deviation,temperature_anomaly,drought_index
1994,Bihar,1.68,-0.564,0.285,0.759
1994,Jharkhand,1.54,0.107,0.217,0.424
1994,Odisha,1.24,-0.292,0.206,0.581
1994,Chhattisgarh,1.43,-0.467,-0.05,0.673
1994,Madhya Pradesh,1.91,-0.266,0.21,0.702
1994,Rajasthan,0.49,-0.174,0.072,0.467
1994,Gujarat,0.95,0.007,0.104,0.51
1994,Maharashtra,0.78,0.029,-0.031,0.413
1994,Karnataka,0.71,-0.405,0.136,0.396
1994,Andhra Pradesh,2.0,-0.819,0.247,0.788
1994,Telangana,0.89,-0.079,0.115,0.585
1994,Tamil Nadu,1.88,-0.349,-0.144,0.55
1994,Kerala,1.01,-0.276,-0.041,0.493
1994,West Bengal,1.58,0.058,0.026,0.407
1994,Assam,1.41,-0.223,-0.018,0.6
1994,Uttar Pradesh,2.28,-0.277,0.101,0.809
1994,Haryana,1.27,0.248,-0.12,0.351
1994,Punjab,0.27,-0.055,-0.147,0.23
1994,Uttarakhand,1.82,0.128,0.115,0.478
1994,Goa,0.99,-0.234,-0.214,0.436
1995,Bihar,-0.9,0.107,-0.424,0.0
1995,Jharkhand,1.18,-0.474,0.046,0.65
1995,Odisha,0.18,0.277,0.045,0.306
1995,Chhattisgarh,-0.81,-0.212,0.173,0.247
1995,Madhya Pradesh,-0.43,0.034,-0.085,0.243
1995,Rajasthan,1.18,-0.637,0.267,0.572
1995,Gujarat,1.2,-0.048,0.261,0.459
1995,Maharashtra,1.26,0.031,-0.214,0.476
1995,Karnataka,-0.74,0.204,0.172,0.21
1995,Andhra Pradesh,-1.47,0.663,-0.044,0.032
1995,Telangana,-0.32,0.163,0.174,0.113
1995,Tamil Nadu,0.49,0.18,0.15,0.57
1995,Kerala,-1.48,-0.016,-0.031,0.133
1995,West Bengal,0.41,0.008,0.139,0.289
1995,Assam,-1.79,-0.12,-0.44,0.0
1995,Uttar Pradesh,-0.13,-0.232,-0.129,0.179
1995,Haryana,-0.3,-0.504,0.161,0.294
1995,Punjab,-0.47,-0.372,0.176,0.27
1995,Uttarakhand,0.66,-0.353,0.119,0.467
1995,Goa,0.68,-0.391,0.124,0.44
1996,Bihar,-0.02,0.433,0.017,0.268
1996,Jharkhand,-0.43,0.201,-0.096,0.289
1996,Odisha,-2.5,0.212,0.284,0.0
1996,Chhattisgarh,0.33,-0.257,0.206,0.564
1996,Madhya Pradesh,0.01,0.468,-0.072,0.113
1996,Rajasthan,-1.55,-0.015,-0.074,0.053
1996,Gujarat,0.04,0.605,-0.014,0.154
1996,Maharashtra,0.52,0.144,0.01,0.284
1996,Karnataka,0.87,0.244,0.019,0.418
1996,Andhra Pradesh,-0.01,0.485,-0.245,0.226
1996,Telangana,0.21,-0.205,0.272,0.31
1996,Tamil Nadu,-1.34,0.335,-0.268,0.0
1996,Kerala,0.18,-0.187,-0.068,0.5
1996,West Bengal,-0.35,-0.281,0.088,0.356
1996,Assam,-0.07,-0.107,0.364,0.294
1996,Uttar Pradesh,-1.55,0.228,-0.305,0.0
1996,Haryana,-0.77,-0.279,0.105,0.275
1996,Punjab,-0.55,-0.061,0.114,0.38
1996,Uttarakhand,-2.06,0.019,-0.348,0.0
1996,Goa,-0.38,0.251,-0.033,0.263
1997,Bihar,1.44,0.122,-0.341,0.342
1997,Jharkhand,1.83,-0.331,0.202,0.656
1997,Odisha,1.56,0.045,0.484,0.576
1997,Chhattisgarh,0.95,0.114,0.204,0.464
1997,Madhya Pradesh,0.73,0.395,0.404,0.467
1997,Rajasthan,1.47,-0.244,0.477,0.659
1997,Gujarat,1.81,-0.154,-0.213,0.589
1997,Maharashtra,2.27,-0.011,0.155,0.519
1997,Karnataka,1.26,-0.116,0.155,0.398
1997,Andhra Pradesh,2.23,-1.136,0.257,1.0
1997,Telangana,2.64,-0.386,0.562,0.764
1997,Tamil Nadu,2.05,-0.297,0.219,0.668
1997,Kerala,1.08,0.087,-0.182,0.405
1997,West Bengal,1.49,-0.29,0.099,0.579
1997,Assam,-0.0,-0.511,-0.167,0.346
1997,Uttar Pradesh,1.73,-0.229,0.109,0.765
1997,Haryana,1.83,-0.462,0.344,0.783
1997,Punjab,1.4,0.355,0.078,0.481
1997,Uttarakhand,0.81,-0.148,0.253,0.538
1997,Goa,1.73,-1.354,-0.206,0.875
1998,Bihar,2.47,-0.331,-0.003,0.726
1998,Jharkhand,1.63,-0.06,-0.069,0.453
1998,Odisha,1.72,-0.069,-0.143,0.606
1998,Chhattisgarh,1.96,-0.258,0.183,0.728
1998,Madhya Pradesh,1.95,-0.179,-0.091,0.773
1998,Rajasthan,1.7,-0.161,0.218,0.649
1998,Gujarat,1.2,-0.034,-0.01,0.487
1998,Maharashtra,1.04,-0.414,-0.024,0.593
1998,Karnataka,1.59,-0.115,0.151,0.606
1998,Andhra Pradesh,2.37,-0.378,0.15,0.619
1998,Telangana,1.65,-0.292,0.218,0.612
1998,Tamil Nadu,1.98,-0.242,0.027,0.768
1998,Kerala,0.84,0.084,-0.204,0.33
1998,West Bengal,2.18,-0.435,0.245,0.615
1998,Assam,1.35,-0.832,-0.071,0.643
1998,Uttar Pradesh,2.53,-1.076,-0.198,0.84
1998,Haryana,1.66,-0.418,0.273,0.644
1998,Punjab,0.91,-0.395,0.564,0.695
1998,Uttarakhand,1.04,-0.112,0.157,0.521
1998,Goa,1.87,-0.322,0.456,0.745
1999,Bihar,-1.26,0.043,-0.017,0.092
1999,Jharkhand,-0.35,-0.162,-0.558,0.142
1999,Odisha,-0.92,0.295,0.072,0.045
1999,Chhattisgarh,-0.18,0.198,0.109,0.389
1999,Madhya Pradesh,-0.34,-0.417,0.166,0.485
1999,Rajasthan,0.6,-0.061,0.207,0.357
1999,Gujarat,-0.5,0.187,-0.165,0.19
1999,Maharashtra,-0.15,0.098,-0.277,0.255
1999,Karnataka,-1.46,0.021,-0.348,0.0
1999,Andhra Pradesh,-2.42,0.259,-0.43,0.0
1999,Telangana,-0.81,-0.047,-0.069,0.032
1999,Tamil Nadu,0.5,0.006,0.122,0.56
1999,Kerala,-1.03,0.847,-0.017,0.0
1999,West Bengal,-0.5,-0.077,-0.122,0.215
1999,Assam,0.8,0.168,-0.239,0.469
1999,Uttar Pradesh,0.78,-0.977,-0.001,0.596
1999,Haryana,-0.63,0.234,-0.425,0.344
1999,Punjab,-0.66,0.308,-0.002,0.204
1999,Uttarakhand,1.58,0.061,0.321,0.528
1999,Goa,0.32,0.175,-0.028,0.221
2000,Bihar,-0.73,0.218,-0.337,0.291
2000,Jharkhand,-0.28,-0.076,0.271,0.261
2000,Odisha,0.59,-0.077,-0.21,0.268
2000,Chhattisgarh,1.48,-0.659,0.04,0.824
2000,Madhya Pradesh,0.06,0.044,-0.118,0.298
2000,Rajasthan,-0.65,-0.089,0.213,0.253
2000,Gujarat,0.52,-0.677,-0.295,0.534
2000,Maharashtra,-0.54,0.405,0.197,0.121
2000,Karnataka,0.4,-0.566,-0.154,0.625
2000,Andhra Pradesh,0.24,0.083,-0.294,0.247
2000,Telangana,-0.51,0.119,-0.204,0.084
2000,Tamil Nadu,0.07,-0.015,-0.285,0.188
2000,Kerala,-0.3,-0.442,-0.493,0.438
2000,West Bengal,0.06,0.063,0.32,0.189
2000,Assam,-0.37,-0.059,0.028,0.23
2000,Uttar Pradesh,0.26,-0.025,0.173,0.462
2000,Haryana,-0.08,0.007,0.05,0.394
2000,Punjab,-1.39,0.225,-0.135,0.163
2000,Uttarakhand,0.11,-0.545,0.159,0.438
2000,Goa,0.03,-0.213,-0.016,0.187
2001,Bihar,-1.4,-0.098,-0.22,0.232
2001,Jharkhand,-1.31,0.036,-0.354,0.138
2001,Odisha,-0.01,0.572,-0.092,0.21
2001,Chhattisgarh,-0.67,-0.058,0.068,0.078
2001,Madhya Pradesh,-0.14,0.032,-0.029,0.269
2001,Rajasthan,-0.51,0.52,0.06,0.0
2001,Gujarat,-0.73,-0.061,0.162,0.266
2001,Maharashtra,-1.04,0.113,-0.327,0.205
2001,Karnataka,-1.28,0.255,-0.326,0.204
2001,Andhra Pradesh,0.04,0.298,-0.328,0.246
2001,Telangana,-0.23,0.168,-0.079,0.191
2001,Tamil Nadu,0.02,-0.005,0.036,0.258
2001,Kerala,-0.9,0.338,0.1,0.253
2001,West Bengal,-0.02,-0.074,0.294,0.221
2001,Assam,-0.51,0.275,-0.169,0.192
2001,Uttar Pradesh,0.32,-0.374,0.308,0.526
2001,Haryana,-0.69,-0.254,-0.268,0.064
2001,Punjab,-1.81,0.351,-0.357,0.0
2001,Uttarakhand,-1.44,0.352,-0.205,0.0
2001,Goa,-0.58,0.217,-0.202,0.221
2002,Bihar,0.84,0.182,-0.317,0.503
2002,Jharkhand,0.98,0.241,-0.191,0.56
2002,Odisha,1.27,-0.732,-0.049,0.546
2002,Chhattisgarh,2.04,-0.668,0.106,0.682
2002,Madhya Pradesh,1.24,0.053,0.052,0.445
2002,Rajasthan,1.6,-0.408,0.134,0.597
2002,Gujarat,1.64,0.044,0.149,0.576
2002,Maharashtra,0.66,0.238,0.034,0.24
2002,Karnataka,1.48,-0.421,0.235,0.654
2002,Andhra Pradesh,1.62,-0.387,0.392,0.572
2002,Telangana,2.05,-0.11,0.548,0.554
2002,Tamil Nadu,2.2,0.528,0.249,0.582
2002,Kerala,1.31,-0.249,0.298,0.544
2002,West Bengal,1.48,-0.206,-0.313,0.472
2002,Assam,1.12,-0.028,0.129,0.537
2002,Uttar Pradesh,1.65,-0.762,-0.01,0.778
2002,Haryana,2.05,-0.247,0.262,0.631
2002,Punjab,1.48,-0.165,0.56,0.503
2002,Uttarakhand,1.65,0.006,0.196,0.672
2002,Goa,1.28,-0.154,0.09,0.596
2003,Bihar,1.19,-0.461,0.355,0.634
2003,Jharkhand,1.32,-0.563,0.173,0.616
2003,Odisha,0.46,-0.063,0.012,0.334
2003,Chhattisgarh,1.39,-0.205,0.068,0.468
2003,Madhya Pradesh,1.87,-0.41,0.307,0.76
2003,Rajasthan,1.56,-0.464,0.142,0.547
2003,Gujarat,0.73,0.366,-0.126,0.232
2003,Maharashtra,1.8,-0.455,-0.173,0.586
2003,Karnataka,1.7,-0.181,0.353,0.646
2003,Andhra Pradesh,0.39,-0.195,0.115,0.289
2003,Telangana,2.24,-0.332,0.4,0.73
2003,Tamil Nadu,2.22,-0.461,0.411,0.818
2003,Kerala,1.72,-0.406,0.525,0.641
2003,West Bengal,1.33,-0.078,0.553,0.488
2003,Assam,1.6,0.06,-0.052,0.373
2003,Uttar Pradesh,2.39,-0.415,-0.22,0.722
2003,Haryana,1.48,-0.162,-0.119,0.335
2003,Punjab,3.0,-0.006,0.464,0.712
2003,Uttarakhand,1.8,-0.48,0.153,0.658
2003,Goa,2.17,-0.34,-0.218,0.765
2004,Bihar,1.23,0.109,0.155,0.393
2004,Jharkhand,0.48,-0.504,0.26,0.608
2004,Odisha,1.56,0.106,0.546,0.455
2004,Chhattisgarh,0.91,-0.054,0.272,0.434
2004,Madhya Pradesh,1.96,-0.048,0.05,0.564
2004,Rajasthan,0.74,-0.506,0.029,0.394
2004,Gujarat,1.7,-0.079,-0.046,0.574
2004,Maharashtra,1.44,-0.25,0.137,0.651
2004,Karnataka,1.43,-0.872,0.005,0.812
2004,Andhra Pradesh,2.04,-0.399,0.043,0.857
2004,Telangana,1.37,0.329,0.067,0.26
2004,Tamil Nadu,1.65,-0.203,0.097,0.692
2004,Kerala,1.47,-0.367,0.055,0.796
2004,West Bengal,0.24,0.216,0.306,0.442
2004,Assam,0.41,0.079,0.488,0.41
2004,Uttar Pradesh,0.91,0.155,0.055,0.439
2004,Haryana,1.78,-0.053,-0.179,0.496
2004,Punjab,2.21,-0.6,-0.022,0.732
2004,Uttarakhand,1.5,0.055,-0.035,0.679
2004,Goa,1.01,-0.164,0.099,0.386
2005,Bihar,0.27,-0.067,-0.172,0.258
2005,Jharkhand,0.83,-0.372,0.062,0.44
2005,Odisha,-0.54,0.116,-0.123,0.169
2005,Chhattisgarh,1.05,-0.005,-0.27,0.504
2005,Madhya Pradesh,0.83,-0.697,-0.19,0.461
2005,Rajasthan,0.49,-0.406,0.206,0.573
2005,Gujarat,-0.26,-0.303,-0.049,0.328
2005,Maharashtra,-0.67,-0.011,-0.234,0.185
2005,Karnataka,-0.96,0.073,0.415,0.281
2005,Andhra Pradesh,-0.33,0.275,0.052,0.156
2005,Telangana,-0.76,-0.372,-0.167,0.35
2005,Tamil Nadu,-0.4,0.01,-0.117,0.502
2005,Kerala,0.11,0.012,0.011,0.308
2005,West Bengal,0.25,-0.114,0.135,0.296
2005,Assam,0.02,-0.416,-0.125,0.35
2005,Uttar Pradesh,-1.43,0.305,0.021,0.0
2005,Haryana,0.58,-0.385,0.145,0.453
2005,Punjab,-0.73,-0.204,-0.172,0.169
2005,Uttarakhand,-0.25,0.075,-0.088,0.159
2005,Goa,-0.15,0.194,-0.381,0.171
2006,Bihar,1.68,0.016,0.285,0.663
2006,Jharkhand,1.44,-0.415,-0.017,0.479
2006,Odisha,1.25,-0.176,0.329,0.525
2006,Chhattisgarh,2.45,0.182,-0.008,0.722
2006,Madhya Pradesh,0.69,-0.197,-0.094,0.53
2006,Rajasthan,2.49,0.007,0.204,0.642
2006,Gujarat,1.32,-0.953,-0.32,0.587
2006,Maharashtra,1.52,-0.708,0.403,0.601
2006,Karnataka,1.03,-0.192,-0.04,0.723
2006,Andhra Pradesh,1.63,0.17,0.259,0.674
2006,Telangana,2.25,-0.131,0.573,0.509
2006,Tamil Nadu,1.25,-0.151,0.297,0.461
2006,Kerala,1.4,-0.206,0.259,0.415
2006,West Bengal,1.58,-0.266,-0.04,0.584
2006,Assam,2.03,0.122,0.362,0.487
2006,Uttar Pradesh,2.21,-0.271,0.671,0.702
2006,Haryana,0.56,0.148,0.298,0.268
2006,Punjab,1.22,0.039,-0.135,0.384
2006,Uttarakhand,2.3,-0.542,0.586,0.812
2006,Goa,0.72,-0.352,0.105,0.601
2007,Bihar,1.7,-0.199,0.274,0.65
2007,Jharkhand,1.53,-0.417,0.017,0.501
2007,Odisha,1.26,-0.078,0.268,0.493
2007,Chhattisgarh,3.0,-0.529,-0.051,0.786
2007,Madhya Pradesh,0.95,-0.499,0.289,0.611
2007,Rajasthan,0.91,-0.586,-0.07,0.61
2007,Gujarat,1.55,-0.587,0.101,0.756
2007,Maharashtra,1.76,-0.366,0.237,0.669
2007,Karnataka,0.71,0.256,0.504,0.455
2007,Andhra Pradesh,1.87,-0.716,0.06,0.875
2007,Telangana,2.17,-0.581,0.225,0.767
2007,Tamil Nadu,0.66,0.191,-0.022,0.394
2007,Kerala,1.21,-0.062,-0.453,0.489
2007,West Bengal,2.08,-0.944,0.013,0.76
2007,Assam,1.26,-0.497,0.057,0.616
2007,Uttar Pradesh,1.83,0.344,0.334,0.603
2007,Haryana,1.4,-0.168,0.329,0.629
2007,Punjab,2.05,-0.222,0.281,0.658
2007,Uttarakhand,1.35,-0.056,-0.108,0.351
2007,Goa,1.82,-0.549,0.159,0.725
2008,Bihar,-0.24,-0.641,0.024,0.299
2008,Jharkhand,-1.38,0.032,-0.112,0.025
2008,Odisha,-0.26,0.167,-0.025,0.178
2008,Chhattisgarh,-0.92,0.06,-0.445,0.1
2008,Madhya Pradesh,0.19,-0.041,-0.423,0.135
2008,Rajasthan,-0.19,-0.006,0.197,0.174
2008,Gujarat,-0.47,0.103,-0.294,0.261
2008,Maharashtra,0.68,-0.201,-0.029,0.541
2008,Karnataka,-0.01,-0.281,-0.046,0.432
2008,Andhra Pradesh,0.94,0.14,-0.234,0.382
2008,Telangana,-0.6,0.357,0.147,0.27
2008,Tamil Nadu,-0.43,0.136,0.254,0.205
2008,Kerala,-0.07,0.505,-0.042,0.233
2008,West Bengal,0.16,-0.042,0.015,0.398
2008,Assam,-1.43,0.181,0.198,0.03
2008,Uttar Pradesh,-0.06,0.114,-0.035,0.309
2008,Haryana,0.63,-0.605,0.236,0.49
2008,Punjab,0.91,0.367,0.216,0.243
2008,Uttarakhand,0.07,0.045,0.117,0.168
2008,Goa,-0.84,-0.038,-0.077,0.316
2009,Bihar,2.08,0.413,-0.111,0.675
2009,Jharkhand,1.15,-0.312,-0.278,0.621
2009,Odisha,1.46,0.387,0.126,0.349
2009,Chhattisgarh,1.34,0.2,0.155,0.327
2009,Madhya Pradesh,2.32,-0.333,0.472,0.74
2009,Rajasthan,1.51,-0.106,0.035,0.579
2009,Gujarat,1.84,-0.856,-0.125,0.945
2009,Maharashtra,0.87,-0.05,-0.173,0.483
2009,Karnataka,1.08,-0.212,-0.126,0.382
2009,Andhra Pradesh,1.41,-0.296,0.207,0.638
2009,Telangana,1.53,-0.02,0.309,0.624
2009,Tamil Nadu,3.0,-0.562,0.254,0.818
2009,Kerala,3.0,-0.56,-0.093,0.952
2009,West Bengal,1.38,-0.589,0.19,0.446
2009,Assam,2.06,-0.083,0.077,0.491
2009,Uttar Pradesh,1.73,-0.814,-0.051,0.857
2009,Haryana,1.28,0.025,-0.193,0.469
2009,Punjab,2.09,-1.101,0.001,0.85
2009,Uttarakhand,1.46,-0.164,0.429,0.522
2009,Goa,1.64,-0.584,-0.062,0.877
2010,Bihar,0.67,-0.127,0.113,0.611
2010,Jharkhand,0.69,-0.208,0.073,0.257
2010,Odisha,0.47,-0.398,0.121,0.617
2010,Chhattisgarh,0.83,-0.028,-0.194,0.459
2010,Madhya Pradesh,1.34,-0.419,-0.136,0.444
2010,Rajasthan,1.89,-0.084,-0.154,0.577
2010,Gujarat,1.21,-0.578,-0.35,0.573
2010,Maharashtra,1.51,0.04,0.279,0.376
2010,Karnataka,2.22,-0.192,0.191,0.819
2010,Andhra Pradesh,1.47,-0.232,-0.028,0.805
2010,Telangana,2.29,0.059,0.286,0.586
2010,Tamil Nadu,1.64,0.264,-0.002,0.523
2010,Kerala,1.02,-0.339,-0.143,0.564
2010,West Bengal,2.11,-0.39,0.039,0.569
2010,Assam,1.0,0.2,0.152,0.435
2010,Uttar Pradesh,1.62,-0.134,-0.142,0.415
2010,Haryana,1.85,-0.099,0.003,0.614
2010,Punjab,0.92,-0.183,0.041,0.418
2010,Uttarakhand,2.02,-0.089,0.279,0.611
2010,Goa,1.44,-0.881,0.072,0.677
2011,Bihar,0.69,0.155,0.07,0.335
2011,Jharkhand,-0.81,-0.234,0.045,0.048
2011,Odisha,-0.48,0.305,-0.522,0.294
2011,Chhattisgarh,0.7,0.187,-0.085,0.294
2011,Madhya Pradesh,-0.37,-0.238,0.174,0.215
2011,Rajasthan,-0.32,1.084,0.032,0.0
2011,Gujarat,0.1,-0.267,-0.129,0.313
2011,Maharashtra,-0.38,0.148,-0.258,0.111
2011,Karnataka,0.13,0.082,-0.41,0.224
2011,Andhra Pradesh,-0.78,0.754,0.138,0.114
2011,Telangana,-0.85,-0.47,0.04,0.479
2011,Tamil Nadu,0.24,-0.076,-0.005,0.49
2011,Kerala,-0.75,0.238,0.019,0.335
2011,West Bengal,-0.04,0.073,-0.019,0.344
2011,Assam,-0.7,0.545,-0.11,0.042
2011,Uttar Pradesh,0.03,0.331,-0.091,0.326
2011,Haryana,0.12,0.536,0.088,0.171
2011,Punjab,-0.53,0.587,-0.185,0.035
2011,Uttarakhand,-0.41,-0.136,0.303,0.247
2011,Goa,0.07,-0.724,0.071,0.459
2012,Bihar,1.07,-0.131,-0.213,0.498
2012,Jharkhand,2.42,-0.056,0.309,0.588
2012,Odisha,1.16,-0.067,-0.086,0.262
2012,Chhattisgarh,2.01,-0.41,0.071,0.878
2012,Madhya Pradesh,1.42,0.008,-0.198,0.452
2012,Rajasthan,2.67,-0.306,0.308,0.692
2012,Gujarat,0.85,-0.405,-0.164,0.534
2012,Maharashtra,1.45,0.163,0.009,0.509
2012,Karnataka,2.24,-0.243,0.253,0.821
2012,Andhra Pradesh,1.39,-0.656,0.1,0.474
2012,Telangana,1.7,-0.902,0.129,0.633
2012,Tamil Nadu,0.69,0.018,0.173,0.647
2012,Kerala,2.09,-0.152,0.165,0.613
2012,West Bengal,1.65,-0.403,0.284,0.668
2012,Assam,1.76,-0.36,0.492,0.545
2012,Uttar Pradesh,0.61,0.235,-0.213,0.424
2012,Haryana,2.26,-0.564,0.199,0.848
2012,Punjab,2.12,-0.675,0.123,0.772
2012,Uttarakhand,0.95,-0.052,-0.145,0.522
2012,Goa,1.58,-0.483,0.326,0.566
2013,Bihar,0.32,-0.268,0.089,0.378
2013,Jharkhand,0.05,0.124,0.213,0.319
2013,Odisha,-0.44,0.206,0.066,0.344
2013,Chhattisgarh,-0.49,0.172,0.197,0.381
2013,Madhya Pradesh,-1.11,0.037,-0.069,0.325
2013,Rajasthan,-1.08,0.15,-0.073,0.192
2013,Gujarat,-0.92,-0.216,-0.011,0.086
2013,Maharashtra,-0.23,-0.216,-0.03,0.232
2013,Karnataka,-0.89,0.155,-0.196,0.04
2013,Andhra Pradesh,1.28,-0.428,-0.41,0.533
2013,Telangana,1.09,-0.133,-0.037,0.428
2013,Tamil Nadu,0.01,-0.225,-0.023,0.383
2013,Kerala,0.38,0.116,0.115,0.299
2013,West Bengal,0.49,-0.182,0.097,0.426
2013,Assam,0.06,-0.107,-0.026,0.301
2013,Uttar Pradesh,-0.42,0.029,-0.054,0.224
2013,Haryana,0.2,-0.459,0.373,0.362
2013,Punjab,0.76,-0.004,-0.137,0.522
2013,Uttarakhand,-0.88,-0.26,-0.085,0.223
2013,Goa,1.38,-0.034,-0.234,0.203
2014,Bihar,1.52,-0.064,0.118,0.638
2014,Jharkhand,1.49,-0.235,0.154,0.335
2014,Odisha,1.95,-0.488,0.066,0.666
2014,Chhattisgarh,0.29,-0.349,0.263,0.454
2014,Madhya Pradesh,1.06,-0.151,0.02,0.469
2014,Rajasthan,0.54,0.097,0.177,0.413
2014,Gujarat,0.69,-0.463,-0.153,0.452
2014,Maharashtra,1.76,-0.369,0.186,0.798
2014,Karnataka,1.87,0.096,0.211,0.517
2014,Andhra Pradesh,1.19,-0.207,-0.06,0.57
2014,Telangana,1.3,0.054,0.141,0.352
2014,Tamil Nadu,2.54,-0.22,0.126,0.658
2014,Kerala,1.4,0.356,0.389,0.475
2014,West Bengal,1.55,-0.87,0.246,0.616
2014,Assam,1.3,-0.093,0.068,0.372
2014,Uttar Pradesh,1.85,-0.219,-0.194,0.812
2014,Haryana,1.16,-0.377,0.179,0.657
2014,Punjab,1.64,-0.723,-0.199,0.733
2014,Uttarakhand,0.94,-0.294,-0.163,0.588
2014,Goa,1.99,-0.865,0.392,0.854
2015,Bihar,1.5,-0.473,0.195,0.439
2015,Jharkhand,2.16,-0.543,0.179,0.73
2015,Odisha,1.32,-0.091,-0.318,0.606
2015,Chhattisgarh,1.75,-0.241,0.31,0.542
2015,Madhya Pradesh,0.64,0.513,0.112,0.341
2015,Rajasthan,0.97,0.336,0.286,0.365
2015,Gujarat,1.51,0.013,0.45,0.582
2015,Maharashtra,1.19,0.265,0.191,0.563
2015,Karnataka,1.75,-0.124,0.024,0.634
2015,Andhra Pradesh,1.5,-0.616,0.446,0.64
2015,Telangana,1.47,-0.664,0.441,0.671
2015,Tamil Nadu,1.24,-0.473,0.511,0.562
2015,Kerala,0.85,-0.059,0.192,0.44
2015,West Bengal,1.54,-0.583,0.003,0.626
2015,Assam,1.26,-0.59,0.177,0.682
2015,Uttar Pradesh,2.06,-0.901,0.435,0.828
2015,Haryana,1.18,0.437,-0.031,0.365
2015,Punjab,2.13,-0.278,0.819,0.781
2015,Uttarakhand,1.79,-0.641,-0.154,0.721
2015,Goa,1.94,-0.518,0.33,0.806
2016,Bihar,0.58,0.027,-0.152,0.473
2016,Jharkhand,1.7,0.473,0.157,0.607
2016,Odisha,2.41,0.18,0.22,0.594
2016,Chhattisgarh,1.96,0.106,-0.23,0.598
2016,Madhya Pradesh,1.82,-0.105,0.223,0.633
2016,Rajasthan,1.61,-0.182,0.153,0.376
2016,Gujarat,2.09,-0.562,0.167,0.813
2016,Maharashtra,1.68,0.347,0.024,0.663
2016,Karnataka,1.49,-0.319,0.069,0.687
2016,Andhra Pradesh,0.94,-0.221,0.396,0.343
2016,Telangana,1.31,0.023,-0.16,0.493
2016,Tamil Nadu,1.18,0.101,0.366,0.292
2016,Kerala,1.93,-0.477,0.017,0.695
2016,West Bengal,1.15,-0.195,0.156,0.559
2016,Assam,2.28,-0.293,0.142,0.613
2016,Uttar Pradesh,1.83,-0.324,-0.066,0.626
2016,Haryana,1.78,-0.384,0.197,0.538
2016,Punjab,1.98,-0.059,0.541,0.539
2016,Uttarakhand,1.14,0.006,0.236,0.393
2016,Goa,1.6,-0.113,0.209,0.564
2017,Bihar,0.34,0.141,-0.134,0.408
2017,Jharkhand,-0.23,0.085,0.053,0.132
2017,Odisha,-0.25,0.539,0.323,0.253
2017,Chhattisgarh,-0.0,0.149,-0.116,0.136
2017,Madhya Pradesh,-0.3,0.104,0.149,0.2
2017,Rajasthan,0.11,0.131,0.309,0.185
2017,Gujarat,0.55,0.036,0.136,0.407
2017,Maharashtra,-0.27,-0.338,-0.065,0.337
2017,Karnataka,-0.29,0.012,-0.017,0.302
2017,Andhra Pradesh,0.34,0.525,-0.372,0.398
2017,Telangana,-0.53,-0.479,0.096,0.491
2017,Tamil Nadu,0.42,0.117,-0.076,0.323
2017,Kerala,0.6,-0.119,0.112,0.395
2017,West Bengal,-1.52,0.342,-0.075,0.089
2017,Assam,0.28,-0.311,0.385,0.369
2017,Uttar Pradesh,-0.42,0.407,0.086,0.157
2017,Haryana,0.11,0.755,-0.293,0.141
2017,Punjab,-0.08,0.07,-0.348,0.22
2017,Uttarakhand,0.16,0.174,-0.343,0.403
2017,Goa,-0.79,0.079,0.015,0.198
2018,Bihar,2.95,-0.272,0.117,0.989
2018,Jharkhand,1.47,0.113,0.625,0.529
2018,Odisha,1.47,0.311,0.225,0.367
2018,Chhattisgarh,2.86,-0.368,0.074,0.844
2018,Madhya Pradesh,1.16,-0.478,0.471,0.617
2018,Rajasthan,1.27,-0.589,0.131,0.588
2018,Gujarat,1.62,-0.487,0.095,0.443
2018,Maharashtra,2.36,-0.135,0.382,0.826
2018,Karnataka,1.97,-0.302,0.385,0.787
2018,Andhra Pradesh,1.78,0.339,0.178,0.743
2018,Telangana,2.18,-0.436,0.164,0.708
2018,Tamil Nadu,2.7,-0.049,0.221,0.693
2018,Kerala,2.53,-0.452,0.213,0.683
2018,West Bengal,1.53,-0.189,0.213,0.539
2018,Assam,1.85,-0.227,0.254,0.554
2018,Uttar Pradesh,0.4,-0.505,0.164,0.182
2018,Haryana,0.42,0.066,-0.008,0.362
2018,Punjab,2.64,-0.03,0.052,0.694
2018,Uttarakhand,1.26,-0.359,-0.01,0.421
2018,Goa,1.61,-0.39,-0.296,0.712
2019,Bihar,1.64,-0.261,0.304,0.658
2019,Jharkhand,1.96,-0.28,-0.017,0.552
2019,Odisha,0.7,0.045,0.074,0.331
2019,Chhattisgarh,1.32,-0.035,-0.056,0.58
2019,Madhya Pradesh,2.0,-0.347,0.013,0.629
2019,Rajasthan,1.19,-0.439,0.126,0.616
2019,Gujarat,1.98,-0.21,0.174,0.379
2019,Maharashtra,0.86,-0.54,0.224,0.608
2019,Karnataka,2.09,-0.567,0.367,0.723
2019,Andhra Pradesh,2.28,-0.559,0.128,0.733
2019,Telangana,2.7,-0.104,0.405,0.699
2019,Tamil Nadu,2.04,-0.746,0.31,0.752
2019,Kerala,2.07,-0.446,0.063,0.632
2019,West Bengal,0.5,-0.182,-0.167,0.511
2019,Assam,1.46,0.406,0.382,0.253
2019,Uttar Pradesh,1.52,0.025,-0.267,0.485
2019,Haryana,0.7,-0.172,-0.035,0.426
2019,Punjab,1.46,-0.709,0.399,0.584
2019,Uttarakhand,1.49,-0.423,0.3,0.539
2019,Goa,1.1,-0.203,0.09,0.592
2020,Bihar,0.71,-0.116,-0.04,0.552
2020,Jharkhand,0.61,-0.262,0.092,0.536
2020,Odisha,-0.16,-0.32,0.073,0.453
2020,Chhattisgarh,0.39,0.434,0.227,0.057
2020,Madhya Pradesh,-0.14,-0.236,-0.121,0.475
2020,Rajasthan,1.06,-0.374,0.037,0.425
2020,Gujarat,-0.14,0.186,0.341,0.437
2020,Maharashtra,0.02,0.766,-0.022,0.107
2020,Karnataka,0.1,-0.424,0.259,0.403
2020,Andhra Pradesh,0.31,-0.044,0.102,0.274
2020,Telangana,0.66,0.455,0.001,0.312
2020,Tamil Nadu,-0.56,0.122,-0.177,0.206
2020,Kerala,0.21,0.591,0.314,0.063
2020,West Bengal,0.73,-0.49,-0.147,0.58
2020,Assam,-1.1,-0.029,0.263,0.148
2020,Uttar Pradesh,-0.23,0.227,-0.553,0.241
2020,Haryana,-0.36,0.516,0.039,0.163
2020,Punjab,-0.17,0.542,0.311,0.165
2020,Uttarakhand,-0.1,0.094,-0.083,0.357
2020,Goa,1.87,0.156,0.292,0.575
2021,Bihar,-0.37,-0.143,-0.098,0.445
2021,Jharkhand,-1.08,0.148,-0.062,0.0
2021,Odisha,-0.07,0.303,-0.117,0.24
2021,Chhattisgarh,-1.12,-0.097,-0.007,0.174
2021,Madhya Pradesh,0.82,-0.826,0.007,0.557
2021,Rajasthan,-1.45,0.412,0.02,0.106
2021,Gujarat,-0.41,0.023,-0.164,0.241
2021,Maharashtra,0.81,0.056,0.299,0.309
2021,Karnataka,0.27,-0.568,-0.299,0.503
2021,Andhra Pradesh,-0.72,0.119,0.019,0.34
2021,Telangana,0.51,-0.168,0.169,0.432
2021,Tamil Nadu,-0.25,0.056,0.317,0.31
2021,Kerala,-0.77,0.081,0.041,0.144
2021,West Bengal,-0.46,0.128,0.113,0.276
2021,Assam,-0.97,-0.352,0.086,0.177
2021,Uttar Pradesh,1.37,0.527,-0.431,0.391
2021,Haryana,-1.15,-0.322,0.307,0.128
2021,Punjab,-0.41,-0.454,0.131,0.22
2021,Uttarakhand,-0.43,-0.075,-0.1,0.345
2021,Goa,0.44,0.384,0.273,0.249
2022,Bihar,1.01,0.185,-0.036,0.275
2022,Jharkhand,-0.46,-0.341,0.082,0.366
2022,Odisha,0.22,0.066,-0.044,0.386
2022,Chhattisgarh,-0.56,-0.278,0.302,0.426
2022,Madhya Pradesh,1.21,-0.602,0.201,0.81
2022,Rajasthan,0.72,-0.118,-0.173,0.586
2022,Gujarat,0.08,-0.23,0.02,0.551
2022,Maharashtra,0.34,-0.186,0.245,0.312
2022,Karnataka,-0.63,0.078,-0.024,0.128
2022,Andhra Pradesh,-0.52,-0.336,-0.089,0.31
2022,Telangana,1.22,-0.42,0.246,0.561
2022,Tamil Nadu,-0.21,-0.356,-0.101,0.34
2022,Kerala,-0.43,0.209,-0.152,0.208
2022,West Bengal,-0.9,-0.011,-0.072,0.179
2022,Assam,-0.23,0.333,-0.229,0.162
2022,Uttar Pradesh,-1.05,0.565,-0.231,0.076
2022,Haryana,0.35,0.589,-0.298,0.15
2022,Punjab,-0.22,-0.26,-0.288,0.295
2022,Uttarakhand,-0.78,-0.047,-0.101,0.183
2022,Goa,0.91,0.094,0.414,0.602
2023,Bihar,0.09,0.504,-0.037,0.258
2023,Jharkhand,0.8,-0.206,0.353,0.274
2023,Odisha,0.85,-0.006,-0.155,0.502
2023,Chhattisgarh,1.31,-0.51,0.12,0.646
2023,Madhya Pradesh,1.3,-0.248,-0.187,0.484
2023,Rajasthan,1.57,0.128,0.006,0.587
2023,Gujarat,1.55,-0.354,0.032,0.482
2023,Maharashtra,1.24,-0.144,0.214,0.588
2023,Karnataka,3.0,-0.622,0.539,0.877
2023,Andhra Pradesh,1.45,-0.094,0.161,0.632
2023,Telangana,2.24,-0.024,0.152,0.728
2023,Tamil Nadu,2.0,-0.464,0.226,0.817
2023,Kerala,1.39,-0.249,0.195,0.593
2023,West Bengal,1.62,-0.586,0.057,0.519
2023,Assam,1.04,-0.317,0.087,0.534
2023,Uttar Pradesh,0.67,0.152,-0.128,0.461
2023,Haryana,2.23,-0.293,0.538,0.778
2023,Punjab,1.51,0.005,0.254,0.543
2023,Uttarakhand,1.77,-0.297,0.265,0.632
2023,Goa,0.96,-0.315,-0.029,0.399
